{"cameraMode":{"drawMode":0,"name":"Shaded","section":"Shading Mode"},"sceneLighting":true,"audioPlay":false,"sceneViewState":{"m_AlwaysRefresh":false,"showFog":true,"showSkybox":true,"showFlares":true,"showImageEffects":true,"showParticleSystems":true,"showVisualEffectGraphs":true,"m_FxEnabled":true},"in2DMode":false,"pivot":{"x":-0.10776857286691666,"y":-2.128615140914917,"z":19.691614151000978},"rotation":{"x":0.32912302017211916,"y":-0.01133110374212265,"z":0.0039486996829509739,"w":0.9442151188850403},"size":25.69729995727539,"orthographic":false}