{"cameraMode":{"drawMode":0,"name":"Shaded","section":"Shading Mode"},"sceneLighting":true,"audioPlay":false,"sceneViewState":{"m_AlwaysRefresh":false,"showFog":true,"showSkybox":true,"showFlares":true,"showImageEffects":true,"showParticleSystems":true,"showVisualEffectGraphs":true,"m_FxEnabled":true},"in2DMode":false,"pivot":{"x":9.176795959472657,"y":3.9306161403656008,"z":9.331814765930176},"rotation":{"x":-0.06034902110695839,"y":0.18899251520633698,"z":0.011640205979347229,"w":0.980056881904602},"size":14.649627685546875,"orthographic":false}