{"cameraMode":{"drawMode":0,"name":"Shaded","section":"Shading Mode"},"sceneLighting":true,"audioPlay":false,"sceneViewState":{"m_AlwaysRefresh":false,"showFog":true,"showSkybox":true,"showFlares":true,"showImageEffects":true,"showParticleSystems":true,"showVisualEffectGraphs":true,"m_FxEnabled":true},"in2DMode":false,"pivot":{"x":-1.2473341226577759,"y":-2.6041553020477297,"z":2.5680627822875978},"rotation":{"x":-0.38663753867149355,"y":0.3299550414085388,"z":-0.15045057237148286,"w":-0.8479400873184204},"size":8.287933349609375,"orthographic":false}